header,symbol,classification
wasmedge_basic.h,WasmEdge_VersionGet,direct
wasmedge_basic.h,WasmEdge_VersionGetMajor,direct
wasmedge_basic.h,WasmEdge_VersionGetMinor,direct
wasmedge_basic.h,WasmEdge_VersionGetPatch,direct
wasmedge_basic.h,WasmEdge_LogSetErrorLevel,semantic
wasmedge_basic.h,WasmEdge_LogSetDebugLevel,semantic
wasmedge_basic.h,WasmEdge_LogOff,direct
wasmedge_basic.h,WasmEdge_LogSetLevel,direct
wasmedge_basic.h,WasmEdge_LogSetCallback,direct
wasmedge_basic.h,WasmEdge_StringCreateByCString,semantic
wasmedge_basic.h,WasmEdge_StringCreateByBuffer,direct
wasmedge_basic.h,WasmEdge_StringWrap,semantic
wasmedge_basic.h,WasmEdge_StringIsEqual,semantic
wasmedge_basic.h,WasmEdge_StringCopy,semantic
wasmedge_basic.h,WasmEdge_StringDelete,direct
wasmedge_basic.h,WasmEdge_BytesCreate,direct
wasmedge_basic.h,WasmEdge_BytesWrap,direct
wasmedge_basic.h,WasmEdge_BytesDelete,direct
wasmedge_basic.h,WasmEdge_ResultOK,direct
wasmedge_basic.h,WasmEdge_ResultGen,direct
wasmedge_basic.h,WasmEdge_ResultGetCode,direct
wasmedge_basic.h,WasmEdge_ResultGetCategory,direct
wasmedge_basic.h,WasmEdge_ResultGetMessage,direct
wasmedge_value.h,WasmEdge_ValTypeGenI32,direct
wasmedge_value.h,WasmEdge_ValTypeGenI64,direct
wasmedge_value.h,WasmEdge_ValTypeGenF32,direct
wasmedge_value.h,WasmEdge_ValTypeGenF64,direct
wasmedge_value.h,WasmEdge_ValTypeGenV128,direct
wasmedge_value.h,WasmEdge_ValTypeGenFuncRef,direct
wasmedge_value.h,WasmEdge_ValTypeGenExternRef,direct
wasmedge_value.h,WasmEdge_ValTypeIsEqual,direct
wasmedge_value.h,WasmEdge_ValTypeIsI32,direct
wasmedge_value.h,WasmEdge_ValTypeIsI64,direct
wasmedge_value.h,WasmEdge_ValTypeIsF32,direct
wasmedge_value.h,WasmEdge_ValTypeIsF64,direct
wasmedge_value.h,WasmEdge_ValTypeIsV128,direct
wasmedge_value.h,WasmEdge_ValTypeIsFuncRef,direct
wasmedge_value.h,WasmEdge_ValTypeIsExternRef,direct
wasmedge_value.h,WasmEdge_ValTypeIsRef,direct
wasmedge_value.h,WasmEdge_ValTypeIsRefNull,direct
wasmedge_value.h,WasmEdge_ValueGenI32,direct
wasmedge_value.h,WasmEdge_ValueGenI64,direct
wasmedge_value.h,WasmEdge_ValueGenF32,direct
wasmedge_value.h,WasmEdge_ValueGenF64,direct
wasmedge_value.h,WasmEdge_ValueGenV128,direct
wasmedge_value.h,WasmEdge_ValueGenFuncRef,direct
wasmedge_value.h,WasmEdge_ValueGenExternRef,direct
wasmedge_value.h,WasmEdge_ValueGetI32,direct
wasmedge_value.h,WasmEdge_ValueGetI64,direct
wasmedge_value.h,WasmEdge_ValueGetF32,direct
wasmedge_value.h,WasmEdge_ValueGetF64,direct
wasmedge_value.h,WasmEdge_ValueGetV128,direct
wasmedge_value.h,WasmEdge_ValueIsNullRef,direct
wasmedge_value.h,WasmEdge_ValueGetFuncRef,direct
wasmedge_value.h,WasmEdge_ValueGetExternRef,direct
wasmedge_configure.h,WasmEdge_ConfigureCreate,direct
wasmedge_configure.h,WasmEdge_ConfigureAddProposal,direct
wasmedge_configure.h,WasmEdge_ConfigureRemoveProposal,direct
wasmedge_configure.h,WasmEdge_ConfigureHasProposal,direct
wasmedge_configure.h,WasmEdge_ConfigureSetWASMStandard,direct
wasmedge_configure.h,WasmEdge_ConfigureAddHostRegistration,direct
wasmedge_configure.h,WasmEdge_ConfigureRemoveHostRegistration,semantic
wasmedge_configure.h,WasmEdge_ConfigureHasHostRegistration,direct
wasmedge_configure.h,WasmEdge_ConfigureSetMaxMemoryPage,direct
wasmedge_configure.h,WasmEdge_ConfigureGetMaxMemoryPage,direct
wasmedge_configure.h,WasmEdge_ConfigureSetRunMode,direct
wasmedge_configure.h,WasmEdge_ConfigureGetRunMode,direct
wasmedge_configure.h,WasmEdge_ConfigureSetAllowAFUNIX,direct
wasmedge_configure.h,WasmEdge_ConfigureIsAllowAFUNIX,direct
wasmedge_configure.h,WasmEdge_ConfigureCompilerSetOptimizationLevel,direct
wasmedge_configure.h,WasmEdge_ConfigureCompilerGetOptimizationLevel,direct
wasmedge_configure.h,WasmEdge_ConfigureCompilerSetOutputFormat,direct
wasmedge_configure.h,WasmEdge_ConfigureCompilerGetOutputFormat,direct
wasmedge_configure.h,WasmEdge_ConfigureCompilerSetDumpIR,direct
wasmedge_configure.h,WasmEdge_ConfigureCompilerIsDumpIR,direct
wasmedge_configure.h,WasmEdge_ConfigureCompilerSetGenericBinary,direct
wasmedge_configure.h,WasmEdge_ConfigureCompilerIsGenericBinary,direct
wasmedge_configure.h,WasmEdge_ConfigureCompilerSetInterruptible,direct
wasmedge_configure.h,WasmEdge_ConfigureCompilerIsInterruptible,direct
wasmedge_configure.h,WasmEdge_ConfigureStatisticsSetInstructionCounting,direct
wasmedge_configure.h,WasmEdge_ConfigureStatisticsIsInstructionCounting,direct
wasmedge_configure.h,WasmEdge_ConfigureStatisticsSetCostMeasuring,direct
wasmedge_configure.h,WasmEdge_ConfigureStatisticsIsCostMeasuring,direct
wasmedge_configure.h,WasmEdge_ConfigureStatisticsSetTimeMeasuring,direct
wasmedge_configure.h,WasmEdge_ConfigureStatisticsIsTimeMeasuring,direct
wasmedge_configure.h,WasmEdge_ConfigureDelete,direct
wasmedge_configure.h,WasmEdge_StatisticsCreate,direct
wasmedge_configure.h,WasmEdge_StatisticsGetInstrCount,direct
wasmedge_configure.h,WasmEdge_StatisticsGetInstrPerSecond,direct
wasmedge_configure.h,WasmEdge_StatisticsGetTotalCost,direct
wasmedge_configure.h,WasmEdge_StatisticsSetCostTable,direct
wasmedge_configure.h,WasmEdge_StatisticsSetCostLimit,direct
wasmedge_configure.h,WasmEdge_StatisticsClear,direct
wasmedge_configure.h,WasmEdge_StatisticsDelete,direct
wasmedge_ast.h,WasmEdge_ASTModuleListImportsLength,direct
wasmedge_ast.h,WasmEdge_ASTModuleListImports,direct
wasmedge_ast.h,WasmEdge_ASTModuleListExportsLength,direct
wasmedge_ast.h,WasmEdge_ASTModuleListExports,direct
wasmedge_ast.h,WasmEdge_ASTModuleDelete,direct
wasmedge_ast.h,WasmEdge_LimitCreate,direct
wasmedge_ast.h,WasmEdge_LimitCreateWithMax,direct
wasmedge_ast.h,WasmEdge_LimitGetMin,direct
wasmedge_ast.h,WasmEdge_LimitGetMax,direct
wasmedge_ast.h,WasmEdge_LimitHasMax,direct
wasmedge_ast.h,WasmEdge_LimitIsShared,direct
wasmedge_ast.h,WasmEdge_LimitIs64Bit,direct
wasmedge_ast.h,WasmEdge_LimitIsEqual,direct
wasmedge_ast.h,WasmEdge_LimitDelete,direct
wasmedge_ast.h,WasmEdge_FunctionTypeCreate,direct
wasmedge_ast.h,WasmEdge_FunctionTypeGetParametersLength,direct
wasmedge_ast.h,WasmEdge_FunctionTypeGetParameters,direct
wasmedge_ast.h,WasmEdge_FunctionTypeGetReturnsLength,direct
wasmedge_ast.h,WasmEdge_FunctionTypeGetReturns,direct
wasmedge_ast.h,WasmEdge_FunctionTypeDelete,direct
wasmedge_ast.h,WasmEdge_TableTypeCreate,direct
wasmedge_ast.h,WasmEdge_TableTypeGetRefType,direct
wasmedge_ast.h,WasmEdge_TableTypeGetLimit,direct
wasmedge_ast.h,WasmEdge_TableTypeDelete,direct
wasmedge_ast.h,WasmEdge_MemoryTypeCreate,direct
wasmedge_ast.h,WasmEdge_MemoryTypeGetLimit,direct
wasmedge_ast.h,WasmEdge_MemoryTypeDelete,direct
wasmedge_ast.h,WasmEdge_TagTypeGetFunctionType,direct
wasmedge_ast.h,WasmEdge_GlobalTypeCreate,direct
wasmedge_ast.h,WasmEdge_GlobalTypeGetValType,direct
wasmedge_ast.h,WasmEdge_GlobalTypeGetMutability,direct
wasmedge_ast.h,WasmEdge_GlobalTypeDelete,direct
wasmedge_ast.h,WasmEdge_ImportTypeGetExternalType,direct
wasmedge_ast.h,WasmEdge_ImportTypeGetModuleName,direct
wasmedge_ast.h,WasmEdge_ImportTypeGetExternalName,direct
wasmedge_ast.h,WasmEdge_ImportTypeGetFunctionType,direct
wasmedge_ast.h,WasmEdge_ImportTypeGetTableType,direct
wasmedge_ast.h,WasmEdge_ImportTypeGetMemoryType,direct
wasmedge_ast.h,WasmEdge_ImportTypeGetTagType,direct
wasmedge_ast.h,WasmEdge_ImportTypeGetGlobalType,direct
wasmedge_ast.h,WasmEdge_ExportTypeGetExternalType,direct
wasmedge_ast.h,WasmEdge_ExportTypeGetExternalName,direct
wasmedge_ast.h,WasmEdge_ExportTypeGetFunctionType,direct
wasmedge_ast.h,WasmEdge_ExportTypeGetTableType,direct
wasmedge_ast.h,WasmEdge_ExportTypeGetMemoryType,direct
wasmedge_ast.h,WasmEdge_ExportTypeGetTagType,direct
wasmedge_ast.h,WasmEdge_ExportTypeGetGlobalType,direct
wasmedge_instance.h,WasmEdge_ModuleInstanceCreate,direct
wasmedge_instance.h,WasmEdge_ModuleInstanceCreateWithData,direct
wasmedge_instance.h,WasmEdge_ModuleInstanceCreateWASI,direct
wasmedge_instance.h,WasmEdge_ModuleInstanceCreateWASIWithFds,direct
wasmedge_instance.h,WasmEdge_ModuleInstanceInitWASI,direct
wasmedge_instance.h,WasmEdge_ModuleInstanceInitWASIWithFds,direct
wasmedge_instance.h,WasmEdge_ModuleInstanceWASIGetExitCode,direct
wasmedge_instance.h,WasmEdge_ModuleInstanceWASIGetNativeHandler,direct
wasmedge_instance.h,WasmEdge_ModuleInstanceInitWasmEdgeProcess,direct
wasmedge_instance.h,WasmEdge_ModuleInstanceGetModuleName,direct
wasmedge_instance.h,WasmEdge_ModuleInstanceGetHostData,direct
wasmedge_instance.h,WasmEdge_ModuleInstanceFindFunction,direct
wasmedge_instance.h,WasmEdge_ModuleInstanceFindTable,direct
wasmedge_instance.h,WasmEdge_ModuleInstanceFindMemory,direct
wasmedge_instance.h,WasmEdge_ModuleInstanceFindTag,direct
wasmedge_instance.h,WasmEdge_ModuleInstanceFindGlobal,direct
wasmedge_instance.h,WasmEdge_ModuleInstanceListFunctionLength,direct
wasmedge_instance.h,WasmEdge_ModuleInstanceListFunction,direct
wasmedge_instance.h,WasmEdge_ModuleInstanceListTableLength,direct
wasmedge_instance.h,WasmEdge_ModuleInstanceListTable,direct
wasmedge_instance.h,WasmEdge_ModuleInstanceListMemoryLength,direct
wasmedge_instance.h,WasmEdge_ModuleInstanceListMemory,direct
wasmedge_instance.h,WasmEdge_ModuleInstanceListTagLength,direct
wasmedge_instance.h,WasmEdge_ModuleInstanceListTag,direct
wasmedge_instance.h,WasmEdge_ModuleInstanceListGlobalLength,direct
wasmedge_instance.h,WasmEdge_ModuleInstanceListGlobal,direct
wasmedge_instance.h,WasmEdge_ModuleInstanceAddFunction,direct
wasmedge_instance.h,WasmEdge_ModuleInstanceAddTable,direct
wasmedge_instance.h,WasmEdge_ModuleInstanceAddMemory,direct
wasmedge_instance.h,WasmEdge_ModuleInstanceAddGlobal,direct
wasmedge_instance.h,WasmEdge_ModuleInstanceDelete,direct
wasmedge_instance.h,WasmEdge_FunctionInstanceCreate,semantic
wasmedge_instance.h,WasmEdge_FunctionInstanceCreateBinding,direct
wasmedge_instance.h,WasmEdge_FunctionInstanceGetData,semantic
wasmedge_instance.h,WasmEdge_FunctionInstanceGetFunctionType,direct
wasmedge_instance.h,WasmEdge_FunctionInstanceDelete,direct
wasmedge_instance.h,WasmEdge_TableInstanceCreate,direct
wasmedge_instance.h,WasmEdge_TableInstanceCreateWithInit,direct
wasmedge_instance.h,WasmEdge_TableInstanceGetTableType,direct
wasmedge_instance.h,WasmEdge_TableInstanceGetData,direct
wasmedge_instance.h,WasmEdge_TableInstanceSetData,direct
wasmedge_instance.h,WasmEdge_TableInstanceGetSize,direct
wasmedge_instance.h,WasmEdge_TableInstanceGrow,direct
wasmedge_instance.h,WasmEdge_TableInstanceDelete,direct
wasmedge_instance.h,WasmEdge_MemoryInstanceCreate,direct
wasmedge_instance.h,WasmEdge_MemoryInstanceGetMemoryType,direct
wasmedge_instance.h,WasmEdge_MemoryInstanceGetData,direct
wasmedge_instance.h,WasmEdge_MemoryInstanceSetData,direct
wasmedge_instance.h,WasmEdge_MemoryInstanceGetPointer,direct
wasmedge_instance.h,WasmEdge_MemoryInstanceGetPointerConst,semantic
wasmedge_instance.h,WasmEdge_MemoryInstanceGetPageSize,direct
wasmedge_instance.h,WasmEdge_MemoryInstanceGrowPage,direct
wasmedge_instance.h,WasmEdge_MemoryInstanceDelete,direct
wasmedge_instance.h,WasmEdge_TagInstanceGetTagType,direct
wasmedge_instance.h,WasmEdge_GlobalInstanceCreate,direct
wasmedge_instance.h,WasmEdge_GlobalInstanceGetGlobalType,direct
wasmedge_instance.h,WasmEdge_GlobalInstanceGetValue,direct
wasmedge_instance.h,WasmEdge_GlobalInstanceSetValue,direct
wasmedge_instance.h,WasmEdge_GlobalInstanceDelete,direct
wasmedge_execution.h,WasmEdge_LoaderCreate,direct
wasmedge_execution.h,WasmEdge_LoaderParseFromFile,direct
wasmedge_execution.h,WasmEdge_LoaderParseFromBytes,direct
wasmedge_execution.h,WasmEdge_LoaderSerializeASTModule,direct
wasmedge_execution.h,WasmEdge_LoaderDelete,direct
wasmedge_execution.h,WasmEdge_ValidatorCreate,direct
wasmedge_execution.h,WasmEdge_ValidatorValidate,direct
wasmedge_execution.h,WasmEdge_ValidatorDelete,direct
wasmedge_execution.h,WasmEdge_ExecutorCreate,direct
wasmedge_execution.h,WasmEdge_ExecutorInstantiate,direct
wasmedge_execution.h,WasmEdge_ExecutorRegister,direct
wasmedge_execution.h,WasmEdge_ExecutorRegisterImport,direct
wasmedge_execution.h,WasmEdge_ExecutorRegisterImportWithAlias,direct
wasmedge_execution.h,WasmEdge_ExecutorInvoke,direct
wasmedge_execution.h,WasmEdge_ExecutorAsyncInvoke,direct
wasmedge_execution.h,WasmEdge_ExecutorDelete,direct
wasmedge_execution.h,WasmEdge_StoreCreate,direct
wasmedge_execution.h,WasmEdge_StoreFindModule,direct
wasmedge_execution.h,WasmEdge_StoreListModuleLength,direct
wasmedge_execution.h,WasmEdge_StoreListModule,direct
wasmedge_execution.h,WasmEdge_StoreDelete,direct
wasmedge_execution.h,WasmEdge_CallingFrameGetExecutor,direct
wasmedge_execution.h,WasmEdge_CallingFrameGetModuleInstance,direct
wasmedge_execution.h,WasmEdge_CallingFrameGetMemoryInstance,direct
wasmedge_execution.h,WasmEdge_AsyncWait,direct
wasmedge_execution.h,WasmEdge_AsyncWaitFor,direct
wasmedge_execution.h,WasmEdge_AsyncCancel,direct
wasmedge_execution.h,WasmEdge_AsyncGetReturnsLength,direct
wasmedge_execution.h,WasmEdge_AsyncGet,direct
wasmedge_execution.h,WasmEdge_AsyncDelete,direct
wasmedge_vm.h,WasmEdge_VMCreate,direct
wasmedge_vm.h,WasmEdge_VMRegisterModuleFromFile,direct
wasmedge_vm.h,WasmEdge_VMRegisterModuleFromBytes,direct
wasmedge_vm.h,WasmEdge_VMRegisterModuleFromASTModule,direct
wasmedge_vm.h,WasmEdge_VMRegisterModuleFromImport,direct
wasmedge_vm.h,WasmEdge_VMRegisterModuleFromImportWithAlias,direct
wasmedge_vm.h,WasmEdge_VMRunWasmFromFile,semantic
wasmedge_vm.h,WasmEdge_VMRunWasmFromBytes,semantic
wasmedge_vm.h,WasmEdge_VMRunWasmFromASTModule,semantic
wasmedge_vm.h,WasmEdge_VMAsyncRunWasmFromFile,direct
wasmedge_vm.h,WasmEdge_VMAsyncRunWasmFromBytes,direct
wasmedge_vm.h,WasmEdge_VMAsyncRunWasmFromASTModule,direct
wasmedge_vm.h,WasmEdge_VMLoadWasmFromFile,direct
wasmedge_vm.h,WasmEdge_VMLoadWasmFromBytes,direct
wasmedge_vm.h,WasmEdge_VMLoadWasmFromASTModule,direct
wasmedge_vm.h,WasmEdge_VMValidate,direct
wasmedge_vm.h,WasmEdge_VMInstantiate,direct
wasmedge_vm.h,WasmEdge_VMExecute,direct
wasmedge_vm.h,WasmEdge_VMExecuteRegistered,direct
wasmedge_vm.h,WasmEdge_VMAsyncExecute,direct
wasmedge_vm.h,WasmEdge_VMAsyncExecuteRegistered,direct
wasmedge_vm.h,WasmEdge_VMGetFunctionType,direct
wasmedge_vm.h,WasmEdge_VMGetFunctionTypeRegistered,direct
wasmedge_vm.h,WasmEdge_VMCleanup,direct
wasmedge_vm.h,WasmEdge_VMGetFunctionListLength,direct
wasmedge_vm.h,WasmEdge_VMGetFunctionList,direct
wasmedge_vm.h,WasmEdge_VMForceDeleteRegisteredModule,omitted
wasmedge_vm.h,WasmEdge_VMGetImportModuleContext,direct
wasmedge_vm.h,WasmEdge_VMGetActiveModule,direct
wasmedge_vm.h,WasmEdge_VMGetRegisteredModule,direct
wasmedge_vm.h,WasmEdge_VMListRegisteredModuleLength,direct
wasmedge_vm.h,WasmEdge_VMListRegisteredModule,direct
wasmedge_vm.h,WasmEdge_VMGetStoreContext,direct
wasmedge_vm.h,WasmEdge_VMGetLoaderContext,direct
wasmedge_vm.h,WasmEdge_VMGetValidatorContext,direct
wasmedge_vm.h,WasmEdge_VMGetExecutorContext,direct
wasmedge_vm.h,WasmEdge_VMGetStatisticsContext,direct
wasmedge_vm.h,WasmEdge_VMDelete,direct
wasmedge_compiler.h,WasmEdge_CompilerCreate,direct
wasmedge_compiler.h,WasmEdge_CompilerCompile,direct
wasmedge_compiler.h,WasmEdge_CompilerCompileFromBytes,direct
wasmedge_compiler.h,WasmEdge_CompilerDelete,direct
wasmedge_compiler.h,WasmEdge_LoaderParseFromBuffer,semantic
wasmedge_plugin.h,WasmEdge_PluginLoadWithDefaultPaths,direct
wasmedge_plugin.h,WasmEdge_PluginLoadFromPath,direct
wasmedge_plugin.h,WasmEdge_PluginListPluginsLength,direct
wasmedge_plugin.h,WasmEdge_PluginListPlugins,direct
wasmedge_plugin.h,WasmEdge_PluginFind,direct
wasmedge_plugin.h,WasmEdge_PluginGetPluginName,direct
wasmedge_plugin.h,WasmEdge_PluginListModuleLength,direct
wasmedge_plugin.h,WasmEdge_PluginListModule,direct
wasmedge_plugin.h,WasmEdge_PluginCreateModule,direct
wasmedge_plugin.h,WasmEdge_PluginInitWASINN,direct
wasmedge_plugin.h,WasmEdge_Plugin_GetDescriptor,provider
wasmedge_tools.h,WasmEdge_Driver_ArgvCreate,semantic
wasmedge_tools.h,WasmEdge_Driver_ArgvDelete,semantic
wasmedge_tools.h,WasmEdge_Driver_SetConsoleOutputCPtoUTF8,direct
wasmedge_tools.h,WasmEdge_Driver_Compiler,direct
wasmedge_tools.h,WasmEdge_Driver_Tool,direct
wasmedge_tools.h,WasmEdge_Driver_WasiNNRPCServer,omitted
wasmedge_tools.h,WasmEdge_Driver_UniTool,direct
